_id.year,_id.week,distance,co2
2022,41,116711.53792187985,21128.91966497968
2022,39,34978.49448047094,1758.3982983349636
2022,40,40996.599336899206,0